dfgbdfgdgd,fdgdfg,fgdsgdfg',dfgdg,dsgfgdfg,sdfgdfg,dfgdfg,

asd,asd,asd,asd,asd,asd,asd,

Laryssa,123123123,laryssa@mail.com,Rua Orestes,Goiânia,Goias,Siagri,

Alexandre,123123123,ale@mail.com,Rua H-85 Qd.214 Lt.06,aparecida,goais,invillia,

Mariana,123123123,mariana@mail.com ,Rua h-85 Quadra12,Aparecida de Goiânia,Goiás,Saneago,

Jukemura,123123123,jukemura@pucgo.edu.br,puc area 2',Goiania,goias,puc,

Alexandre,123123123,mail@mail.com,avenida avenida,goiania,goias,microsoft,

asdfgdsf\asdfadfaf,123123,asdasdasd@mail.com,sjdfadsgfjhkladgsouadofhá,õajisdbfghajsdghfjosf,aksdfhok,asdklfj,

uyane,123123123,uyane@mail.com,asdasdasdad,asdasdasd,asdasdasd,asdasdad,

qweqweqweqweqweqe,123123123123,asdads@mail.com,asdasdasdasdasdasd,assdasdad,asdasd,asdasdasd,

